{"custom_loss": 0.25471678376197815, "custom_accuracy": 0.9070000052452087}
