{"loss": 0.25471678376197815, "accuracy": 0.9070000052452087}