{"loss": 0.45308130979537964, "accuracy": 0.8341000080108643}