{"loss": 0.328265905380249, "accuracy": 0.8949000239372253}