epoch,loss
1,0.6250987648963928
2,0.4054719805717468
3,0.3615005314350128
4,0.3289773166179657
5,0.3070586323738098
6,0.29225316643714905
7,0.27921637892723083
8,0.26532596349716187
9,0.25688084959983826
10,0.24781037867069244
