epoch,loss
1,0.526128888130188
2,0.37477555871009827
3,0.341419517993927
4,0.31944283843040466
5,0.2998560965061188
6,0.29077813029289246
7,0.28096505999565125
8,0.2745336592197418
9,0.26773932576179504
10,0.2560221552848816
