epoch,accuracy
1,0.8162500262260437
2,0.8641166687011719
3,0.8774333596229553
4,0.8820000290870667
5,0.8882333040237427
6,0.8910333514213562
7,0.8942000269889832
8,0.8955000042915344
9,0.8982999920845032
10,0.9020333290100098
