epoch,accuracy
1,0.7825333476066589
2,0.8582333326339722
3,0.8731666803359985
4,0.8841833472251892
5,0.8912500143051147
6,0.8961166739463806
7,0.9008333086967468
8,0.9053833484649658
9,0.9072499871253967
10,0.9096166491508484
